{
  "oxymore.theme1.004": {
    "sounds": [
      "oxymore:theme1/theme1_004"
    ]
  },
  "oxymore.theme1.003": {
    "sounds": [
      "oxymore:theme1/theme1_003"
    ]
  },
  "oxymore.theme1.001": {
    "sounds": [
      "oxymore:theme1/theme1_001"
    ]
  },
  "oxymore.theme1.002": {
    "sounds": [
      "oxymore:theme1/theme1_002"
    ]
  },
  "oxymore.theme1.005": {
    "sounds": [
      "oxymore:theme1/theme1_005"
    ]
  },
  "oxymore.theme1.000": {
    "sounds": [
      "oxymore:theme1/theme1_000"
    ]
  }
}